{"cameraMode":{"drawMode":0,"name":"Shaded","section":"Shading Mode"},"sceneLighting":true,"audioPlay":false,"sceneViewState":{"m_AlwaysRefresh":false,"showFog":true,"showSkybox":true,"showFlares":true,"showImageEffects":true,"showParticleSystems":true,"showVisualEffectGraphs":true,"m_FxEnabled":true},"in2DMode":false,"pivot":{"x":-0.006171584129333496,"y":-0.2612316906452179,"z":0.13517573475837708},"rotation":{"x":0.7300490736961365,"y":0.0020501557737588884,"z":-0.002190136816352606,"w":0.683388888835907},"size":1.7139513492584229,"orthographic":false}